"0","Sys.setlocale( ""LC_ALL"", ""Korean_Korea.949"")"
"1","[1]"
"1"," ""LC_COLLATE=Korean_Korea.949;LC_CTYPE=Korean_Korea.949;LC_MONETARY=Korean_Korea.949;LC_NUMERIC=C;LC_TIME=Korean_Korea.949"""
"1","
"
"0","knitr::opts_chunk$set(echo=FALSE)"
"0",""
"0","library(tidyverse)"
"0","library(lubridate)"
"0","library(htmltools)"
"0","#library(ggplot2)"
"0","#library(dplyr)"
"0","library(reshape2)"
"0","library(DT)"
"0",""
"0","### 내부 디버깅 ###"
"0","df <- DFSource"
"0",""
"0","### render용, 내부 디버깅시 코멘트 처리 필요, 안하면 NA 대입됨"
"0","# df <- params$df"
"0",""
"0","theme_update(axis.title=element_text(size=20))"
"0","theme_update(axis.text=element_text(size=15))"
"0",""
"0",""
"0",""
"0",""
